Model,Accuracy,Precision,Recall,F1-score,ROC AUC
Logistic Regression,0.86,1.0,0.7941176470588235,0.8852459016393442,0.9430147058823528
