Model,Accuracy,Precision,Recall,F1-score,ROC AUC
Decision Tree,0.9,0.9090909090909091,0.9375,0.9230769230769231,0.9852430555555556
